{"f": {"probs": [0.54, 1.0], "neucs": ["UUU", "UUC"]}, "l": {"probs": [0.16, 0.49, 0.65001, 0.7300099999999999, 0.8400099999999999, 1.00003], "neucs": ["UUA", "UUG", "CUU", "CUC", "CUA", "CUG"]}, "i": {"probs": [0.5, 0.81, 0.99], "neucs": ["AUU", "AUC", "AUA"]}, "m": {"probs": [1.0], "neucs": ["AUG"]}, "v": {"probs": [0.42, 0.65, 0.8, 0.99], "neucs": ["GUU", "GUC", "GUA", "GUG"]}, "s": {"probs": [0.29, 0.49, 0.6699999999999999, 0.7599999999999999, 0.9099999999999999, 1.000001], "neucs": ["UCU", "UCC", "UCA", "UCG", "AGU", "AGC"]}, "p": {"probs": [0.35, 0.5, 0.9199999999999999, 1.01], "neucs": ["CCU", "CCC", "CCA", "CCG"]}, "t": {"probs": [0.4, 0.66, 0.9, 1.0], "neucs": ["ACU", "ACC", "ACA", "ACG"]}, "a": {"probs": [0.45, 0.71, 0.94, 1.0], "neucs": ["GCU", "GCC", "GCA", "GCG"]}, "y": {"probs": [0.47, 1.0], "neucs": ["UAU", "UAC"]}, "q": {"probs": [0.01, 0.61, 1.0], "neucs": ["UAG", "CAA", "CAG"]}, "h": {"probs": [0.57, 1.0], "neucs": ["CAU", "CAC"]}, "n": {"probs": [0.42, 1.0], "neucs": ["AAU", "AAC"]}, "k": {"probs": [0.47, 1.0], "neucs": ["AAA", "AAG"]}, "d": {"probs": [0.42, 1.0], "neucs": ["GAU", "GAC"]}, "e": {"probs": [0.44, 1.0], "neucs": ["GAA", "GAG"]}, "c": {"probs": [0.64, 1.0], "neucs": ["UGU", "UGC"]}, "g": {"probs": [0.44, 0.5800000000000001, 0.9100000000000001, 1.0100000000000002], "neucs": ["GGU", "GCC", "GGA", "GGG"]}, "r": {"probs": [0.17, 0.22000000000000003, 0.32000000000000006, 0.8, 0.9600000000000001], "neucs": ["CGU", "CGG", "CGA", "AGA", "AGG"]}, "*": {"probs": [0.72, 1.0], "neucs": ["UAA", "UGA"]}}